symbol,name,sector
3MINDIA,3MINDIA,Nifty 500
AARTIDRUGS,AARTIDRUGS,Nifty 500
AARTIIND,AARTIIND,Nifty 500
AAVAS,AAVAS,Nifty 500
ABB,ABB,Nifty 500
ABBOTINDIA,ABBOTINDIA,Nifty 500
ACC,ACC,Nifty 500
ADANIENT,ADANIENT,Nifty 500
ADANIGREEN,ADANIGREEN,Nifty 500
ADANIPORTS,ADANIPORTS,Nifty 500
ATGL,ATGL,Nifty 500
ADANITRANS,ADANITRANS,Nifty 500
ABCAPITAL,ABCAPITAL,Nifty 500
ABFRL,ABFRL,Nifty 500
ABSLAMC,ABSLAMC,Nifty 500
ADVENZYMES,ADVENZYMES,Nifty 500
AEGISCHEM,AEGISCHEM,Nifty 500
AFFLE,AFFLE,Nifty 500
AIAENG,AIAENG,Nifty 500
AJANTPHARM,AJANTPHARM,Nifty 500
APLLTD,APLLTD,Nifty 500
ALKEM,ALKEM,Nifty 500
ALKYLAMINE,ALKYLAMINE,Nifty 500
ALLCARGO,ALLCARGO,Nifty 500
ALOKINDS,ALOKINDS,Nifty 500
AMARAJABAT,AMARAJABAT,Nifty 500
AMBER,AMBER,Nifty 500
AMBUJACEM,AMBUJACEM,Nifty 500
ANGELONE,ANGELONE,Nifty 500
ANURAS,ANURAS,Nifty 500
APLAPOLLO,APLAPOLLO,Nifty 500
APOLLOHOSP,APOLLOHOSP,Nifty 500
APOLLOTYRE,APOLLOTYRE,Nifty 500
APTUS,APTUS,Nifty 500
ASAHIINDIA,ASAHIINDIA,Nifty 500
ASHOKLEY,ASHOKLEY,Nifty 500
ASIANPAINT,ASIANPAINT,Nifty 500
ASTERDM,ASTERDM,Nifty 500
ASTRAL,ASTRAL,Nifty 500
ASTRAZEN,ASTRAZEN,Nifty 500
ATUL,ATUL,Nifty 500
AUBANK,AUBANK,Nifty 500
AUROPHARMA,AUROPHARMA,Nifty 500
AVANTIFEED,AVANTIFEED,Nifty 500
DMART,DMART,Nifty 500
AXISBANK,AXISBANK,Nifty 500
BAJAJ-AUTO,BAJAJ-AUTO,Nifty 500
BAJAJELEC,BAJAJELEC,Nifty 500
BAJFINANCE,BAJFINANCE,Nifty 500
BAJAJFINSV,BAJAJFINSV,Nifty 500
BAJAJHLDNG,BAJAJHLDNG,Nifty 500
BALAMINES,BALAMINES,Nifty 500
BALKRISIND,BALKRISIND,Nifty 500
BALRAMCHIN,BALRAMCHIN,Nifty 500
BANDHANBNK,BANDHANBNK,Nifty 500
BANKBARODA,BANKBARODA,Nifty 500
BANKINDIA,BANKINDIA,Nifty 500
MAHABANK,MAHABANK,Nifty 500
BASF,BASF,Nifty 500
BATAINDIA,BATAINDIA,Nifty 500
BAYERCROP,BAYERCROP,Nifty 500
BERGEPAINT,BERGEPAINT,Nifty 500
BDL,BDL,Nifty 500
BEL,BEL,Nifty 500
BHARATFORG,BHARATFORG,Nifty 500
BHEL,BHEL,Nifty 500
BPCL,BPCL,Nifty 500
BHARTIARTL,BHARTIARTL,Nifty 500
BIOCON,BIOCON,Nifty 500
BIRLACORPN,BIRLACORPN,Nifty 500
BSOFT,BSOFT,Nifty 500
BLUEDART,BLUEDART,Nifty 500
BLUESTARCO,BLUESTARCO,Nifty 500
BBTC,BBTC,Nifty 500
BORORENEW,BORORENEW,Nifty 500
BOSCHLTD,BOSCHLTD,Nifty 500
BRIGADE,BRIGADE,Nifty 500
BCG,BCG,Nifty 500
BRITANNIA,BRITANNIA,Nifty 500
BSE,BSE,Nifty 500
MAPMYINDIA,MAPMYINDIA,Nifty 500
CANFINHOME,CANFINHOME,Nifty 500
CANBK,CANBK,Nifty 500
CAPLIPOINT,CAPLIPOINT,Nifty 500
CGCL,CGCL,Nifty 500
CARBORUNIV,CARBORUNIV,Nifty 500
CASTROLIND,CASTROLIND,Nifty 500
CCL,CCL,Nifty 500
CEATLTD,CEATLTD,Nifty 500
CENTRALBK,CENTRALBK,Nifty 500
CDSL,CDSL,Nifty 500
CENTURYPLY,CENTURYPLY,Nifty 500
CENTURYTEX,CENTURYTEX,Nifty 500
CERA,CERA,Nifty 500
CESC,CESC,Nifty 500
CGPOWER,CGPOWER,Nifty 500
CHALET,CHALET,Nifty 500
CHAMBLFERT,CHAMBLFERT,Nifty 500
CHEMPLASTS,CHEMPLASTS,Nifty 500
CHOLAHLDNG,CHOLAHLDNG,Nifty 500
CHOLAFIN,CHOLAFIN,Nifty 500
CIPLA,CIPLA,Nifty 500
CUB,CUB,Nifty 500
CLEAN,CLEAN,Nifty 500
COALINDIA,COALINDIA,Nifty 500
COCHINSHIP,COCHINSHIP,Nifty 500
COFORGE,COFORGE,Nifty 500
COLPAL,COLPAL,Nifty 500
CAMS,CAMS,Nifty 500
CONCOR,CONCOR,Nifty 500
COROMANDEL,COROMANDEL,Nifty 500
CREDITACC,CREDITACC,Nifty 500
CRISIL,CRISIL,Nifty 500
CROMPTON,CROMPTON,Nifty 500
CSBBANK,CSBBANK,Nifty 500
CUMMINSIND,CUMMINSIND,Nifty 500
CYIENT,CYIENT,Nifty 500
DABUR,DABUR,Nifty 500
DALBHARAT,DALBHARAT,Nifty 500
DCMSHRIRAM,DCMSHRIRAM,Nifty 500
DEEPAKNTR,DEEPAKNTR,Nifty 500
DELTACORP,DELTACORP,Nifty 500
DEVYANI,DEVYANI,Nifty 500
DHANI,DHANI,Nifty 500
DBL,DBL,Nifty 500
DIVISLAB,DIVISLAB,Nifty 500
DIXON,DIXON,Nifty 500
DLF,DLF,Nifty 500
LALPATHLAB,LALPATHLAB,Nifty 500
DRREDDY,DRREDDY,Nifty 500
EIDPARRY,EIDPARRY,Nifty 500
EASEMYTRIP,EASEMYTRIP,Nifty 500
ECLERX,ECLERX,Nifty 500
EDELWEISS,EDELWEISS,Nifty 500
EICHERMOT,EICHERMOT,Nifty 500
EIHOTEL,EIHOTEL,Nifty 500
ELGIEQUIP,ELGIEQUIP,Nifty 500
EMAMILTD,EMAMILTD,Nifty 500
ENDURANCE,ENDURANCE,Nifty 500
ENGINERSIN,ENGINERSIN,Nifty 500
EPL,EPL,Nifty 500
EQUITAS,EQUITAS,Nifty 500
EQUITASBNK,EQUITASBNK,Nifty 500
ERIS,ERIS,Nifty 500
ESCORTS,ESCORTS,Nifty 500
EXIDEIND,EXIDEIND,Nifty 500
FDC,FDC,Nifty 500
FEDERALBNK,FEDERALBNK,Nifty 500
FACT,FACT,Nifty 500
FINEORG,FINEORG,Nifty 500
FINCABLES,FINCABLES,Nifty 500
FINPIPE,FINPIPE,Nifty 500
FSL,FSL,Nifty 500
FORTIS,FORTIS,Nifty 500
NYKAA,NYKAA,Nifty 500
GRINFRA,GRINFRA,Nifty 500
GAIL,GAIL,Nifty 500
GALAXYSURF,GALAXYSURF,Nifty 500
GARFIBRES,GARFIBRES,Nifty 500
GICRE,GICRE,Nifty 500
GLAND,GLAND,Nifty 500
GLAXO,GLAXO,Nifty 500
GLS,GLS,Nifty 500
GLENMARK,GLENMARK,Nifty 500
GMMPFAUDLR,GMMPFAUDLR,Nifty 500
GOCOLORS,GOCOLORS,Nifty 500
GODFRYPHLP,GODFRYPHLP,Nifty 500
GODREJAGRO,GODREJAGRO,Nifty 500
GODREJCP,GODREJCP,Nifty 500
GODREJIND,GODREJIND,Nifty 500
GODREJPROP,GODREJPROP,Nifty 500
GRANULES,GRANULES,Nifty 500
GRAPHITE,GRAPHITE,Nifty 500
GRASIM,GRASIM,Nifty 500
GESHIP,GESHIP,Nifty 500
GRINDWELL,GRINDWELL,Nifty 500
GUJALKALI,GUJALKALI,Nifty 500
GAEL,GAEL,Nifty 500
FLUOROCHEM,FLUOROCHEM,Nifty 500
GUJGASLTD,GUJGASLTD,Nifty 500
GNFC,GNFC,Nifty 500
GPPL,GPPL,Nifty 500
GSFC,GSFC,Nifty 500
GSPL,GSPL,Nifty 500
HEG,HEG,Nifty 500
HAPPSTMNDS,HAPPSTMNDS,Nifty 500
HATHWAY,HATHWAY,Nifty 500
HATSUN,HATSUN,Nifty 500
HAVELLS,HAVELLS,Nifty 500
HCLTECH,HCLTECH,Nifty 500
HDFCAMC,HDFCAMC,Nifty 500
HDFCBANK,HDFCBANK,Nifty 500
HDFCLIFE,HDFCLIFE,Nifty 500
HEMIPROP,HEMIPROP,Nifty 500
HEROMOTOCO,HEROMOTOCO,Nifty 500
HFCL,HFCL,Nifty 500
HIKAL,HIKAL,Nifty 500
HINDALCO,HINDALCO,Nifty 500
HGS,HGS,Nifty 500
HAL,HAL,Nifty 500
HINDCOPPER,HINDCOPPER,Nifty 500
HINDPETRO,HINDPETRO,Nifty 500
HINDUNILVR,HINDUNILVR,Nifty 500
HINDZINC,HINDZINC,Nifty 500
POWERINDIA,POWERINDIA,Nifty 500
HLEGLAS,HLEGLAS,Nifty 500
HOMEFIRST,HOMEFIRST,Nifty 500
HONAUT,HONAUT,Nifty 500
HUDCO,HUDCO,Nifty 500
HDFC,HDFC,Nifty 500
ICICIBANK,ICICIBANK,Nifty 500
ICICIGI,ICICIGI,Nifty 500
ICICIPRULI,ICICIPRULI,Nifty 500
ISEC,ISEC,Nifty 500
IDBI,IDBI,Nifty 500
IDFCFIRSTB,IDFCFIRSTB,Nifty 500
IDFC,IDFC,Nifty 500
IFBIND,IFBIND,Nifty 500
IIFL,IIFL,Nifty 500
IIFLWAM,IIFLWAM,Nifty 500
INDIACEM,INDIACEM,Nifty 500
IBULHSGFIN,IBULHSGFIN,Nifty 500
IBREALEST,IBREALEST,Nifty 500
INDIAMART,INDIAMART,Nifty 500
INDIANB,INDIANB,Nifty 500
IEX,IEX,Nifty 500
INDHOTEL,INDHOTEL,Nifty 500
IOC,IOC,Nifty 500
IOB,IOB,Nifty 500
IRCTC,IRCTC,Nifty 500
IRFC,IRFC,Nifty 500
INDIGOPNTS,INDIGOPNTS,Nifty 500
ICIL,ICIL,Nifty 500
INDOCO,INDOCO,Nifty 500
IGL,IGL,Nifty 500
INDUSTOWER,INDUSTOWER,Nifty 500
INDUSINDBK,INDUSINDBK,Nifty 500
INFIBEAM,INFIBEAM,Nifty 500
NAUKRI,NAUKRI,Nifty 500
INFY,INFY,Nifty 500
INOXLEISUR,INOXLEISUR,Nifty 500
INTELLECT,INTELLECT,Nifty 500
INDIGO,INDIGO,Nifty 500
IPCALAB,IPCALAB,Nifty 500
IRB,IRB,Nifty 500
IRCON,IRCON,Nifty 500
ITC,ITC,Nifty 500
ITI,ITI,Nifty 500
JBCHEPHARM,JBCHEPHARM,Nifty 500
JKCEMENT,JKCEMENT,Nifty 500
JAMNAAUTO,JAMNAAUTO,Nifty 500
JSLHISAR,JSLHISAR,Nifty 500
JSL,JSL,Nifty 500
JINDALSTEL,JINDALSTEL,Nifty 500
JKLAKSHMI,JKLAKSHMI,Nifty 500
JKPAPER,JKPAPER,Nifty 500
JMFINANCIL,JMFINANCIL,Nifty 500
JSWENERGY,JSWENERGY,Nifty 500
JSWSTEEL,JSWSTEEL,Nifty 500
JUBLFOOD,JUBLFOOD,Nifty 500
JUBLINGREA,JUBLINGREA,Nifty 500
JUBLPHARMA,JUBLPHARMA,Nifty 500
JUSTDIAL,JUSTDIAL,Nifty 500
JYOTHYLAB,JYOTHYLAB,Nifty 500
KPRMILL,KPRMILL,Nifty 500
KAJARIACER,KAJARIACER,Nifty 500
KALPATPOWR,KALPATPOWR,Nifty 500
KALYANKJIL,KALYANKJIL,Nifty 500
KANSAINER,KANSAINER,Nifty 500
KARURVYSYA,KARURVYSYA,Nifty 500
KEC,KEC,Nifty 500
KEI,KEI,Nifty 500
KNRCON,KNRCON,Nifty 500
KOTAKBANK,KOTAKBANK,Nifty 500
KPITTECH,KPITTECH,Nifty 500
KRBL,KRBL,Nifty 500
KIMS,KIMS,Nifty 500
L&TFH,L&TFH,Nifty 500
LTTS,LTTS,Nifty 500
LAXMIMACH,LAXMIMACH,Nifty 500
LTI,LTI,Nifty 500
LT,LT,Nifty 500
LATENTVIEW,LATENTVIEW,Nifty 500
LAURUSLABS,LAURUSLABS,Nifty 500
LXCHEM,LXCHEM,Nifty 500
LICHSGFIN,LICHSGFIN,Nifty 500
LINDEINDIA,LINDEINDIA,Nifty 500
LUPIN,LUPIN,Nifty 500
LUXIND,LUXIND,Nifty 500
LODHA,LODHA,Nifty 500
MGL,MGL,Nifty 500
M&MFIN,M&MFIN,Nifty 500
M&M,M&M,Nifty 500
MAHINDCIE,MAHINDCIE,Nifty 500
MHRIL,MHRIL,Nifty 500
MAHLOG,MAHLOG,Nifty 500
MANAPPURAM,MANAPPURAM,Nifty 500
MRPL,MRPL,Nifty 500
MARICO,MARICO,Nifty 500
MARUTI,MARUTI,Nifty 500
MASTEK,MASTEK,Nifty 500
MFSL,MFSL,Nifty 500
MAXHEALTH,MAXHEALTH,Nifty 500
MAZDOCK,MAZDOCK,Nifty 500
MEDPLUS,MEDPLUS,Nifty 500
METROBRAND,METROBRAND,Nifty 500
METROPOLIS,METROPOLIS,Nifty 500
MINDAIND,MINDAIND,Nifty 500
MINDTREE,MINDTREE,Nifty 500
MMTC,MMTC,Nifty 500
MOIL,MOIL,Nifty 500
MOTILALOFS,MOTILALOFS,Nifty 500
MPHASIS,MPHASIS,Nifty 500
MRF,MRF,Nifty 500
MTARTECH,MTARTECH,Nifty 500
MCX,MCX,Nifty 500
MUTHOOTFIN,MUTHOOTFIN,Nifty 500
NH,NH,Nifty 500
NATCOPHARM,NATCOPHARM,Nifty 500
NATIONALUM,NATIONALUM,Nifty 500
NAVINFLUOR,NAVINFLUOR,Nifty 500
NAZARA,NAZARA,Nifty 500
NBCC,NBCC,Nifty 500
NCC,NCC,Nifty 500
NESCO,NESCO,Nifty 500
NESTLEIND,NESTLEIND,Nifty 500
NETWORK18,NETWORK18,Nifty 500
NHPC,NHPC,Nifty 500
NAM-INDIA,NAM-INDIA,Nifty 500
NLCINDIA,NLCINDIA,Nifty 500
NMDC,NMDC,Nifty 500
NOCIL,NOCIL,Nifty 500
NTPC,NTPC,Nifty 500
NUVOCO,NUVOCO,Nifty 500
OBEROIRLTY,OBEROIRLTY,Nifty 500
ONGC,ONGC,Nifty 500
OIL,OIL,Nifty 500
PAYTM,PAYTM,Nifty 500
OFSS,OFSS,Nifty 500
ORIENTELEC,ORIENTELEC,Nifty 500
PAGEIND,PAGEIND,Nifty 500
POLICYBZR,POLICYBZR,Nifty 500
PCBL,PCBL,Nifty 500
PERSISTENT,PERSISTENT,Nifty 500
PETRONET,PETRONET,Nifty 500
PFIZER,PFIZER,Nifty 500
PHOENIXLTD,PHOENIXLTD,Nifty 500
PIIND,PIIND,Nifty 500
PIDILITIND,PIDILITIND,Nifty 500
PEL,PEL,Nifty 500
PNBHOUSING,PNBHOUSING,Nifty 500
PNCINFRA,PNCINFRA,Nifty 500
POLYMED,POLYMED,Nifty 500
POLYCAB,POLYCAB,Nifty 500
POLYPLEX,POLYPLEX,Nifty 500
POONAWALLA,POONAWALLA,Nifty 500
PFC,PFC,Nifty 500
POWERGRID,POWERGRID,Nifty 500
PRAJIND,PRAJIND,Nifty 500
PRESTIGE,PRESTIGE,Nifty 500
PRINCEPIPE,PRINCEPIPE,Nifty 500
PRSMJOHNSN,PRSMJOHNSN,Nifty 500
PRIVISCL,PRIVISCL,Nifty 500
PGHL,PGHL,Nifty 500
PGHH,PGHH,Nifty 500
PNB,PNB,Nifty 500
PVR,PVR,Nifty 500
QUESS,QUESS,Nifty 500
RADICO,RADICO,Nifty 500
RVNL,RVNL,Nifty 500
RAILTEL,RAILTEL,Nifty 500
RAIN,RAIN,Nifty 500
RAJESHEXPO,RAJESHEXPO,Nifty 500
RALLIS,RALLIS,Nifty 500
RCF,RCF,Nifty 500
RATNAMANI,RATNAMANI,Nifty 500
RTNINDIA,RTNINDIA,Nifty 500
RBLBANK,RBLBANK,Nifty 500
RECLTD,RECLTD,Nifty 500
REDINGTON,REDINGTON,Nifty 500
RELAXO,RELAXO,Nifty 500
RELIANCE,RELIANCE,Nifty 500
RBA,RBA,Nifty 500
RHIM,RHIM,Nifty 500
RITES,RITES,Nifty 500
ROSSARI,ROSSARI,Nifty 500
ROUTE,ROUTE,Nifty 500
SANOFI,SANOFI,Nifty 500
SAPPHIRE,SAPPHIRE,Nifty 500
SAREGAMA,SAREGAMA,Nifty 500
SBICARD,SBICARD,Nifty 500
SBILIFE,SBILIFE,Nifty 500
SCHAEFFLER,SCHAEFFLER,Nifty 500
SEQUENT,SEQUENT,Nifty 500
SFL,SFL,Nifty 500
SHILPAMED,SHILPAMED,Nifty 500
SCI,SCI,Nifty 500
SHREECEM,SHREECEM,Nifty 500
RENUKA,RENUKA,Nifty 500
SHRIRAMCIT,SHRIRAMCIT,Nifty 500
SRTRANSFIN,SRTRANSFIN,Nifty 500
SHYAMMETL,SHYAMMETL,Nifty 500
SIEMENS,SIEMENS,Nifty 500
SIS,SIS,Nifty 500
SJVN,SJVN,Nifty 500
SKFINDIA,SKFINDIA,Nifty 500
SOBHA,SOBHA,Nifty 500
SOLARINDS,SOLARINDS,Nifty 500
SOLARA,SOLARA,Nifty 500
SONACOMS,SONACOMS,Nifty 500
SONATSOFTW,SONATSOFTW,Nifty 500
SPICEJET,SPICEJET,Nifty 500
SRF,SRF,Nifty 500
STARHEALTH,STARHEALTH,Nifty 500
SBIN,SBIN,Nifty 500
SAIL,SAIL,Nifty 500
SWSOLAR,SWSOLAR,Nifty 500
STLTECH,STLTECH,Nifty 500
STAR,STAR,Nifty 500
SUDARSCHEM,SUDARSCHEM,Nifty 500
SUMICHEM,SUMICHEM,Nifty 500
SPARC,SPARC,Nifty 500
SUNPHARMA,SUNPHARMA,Nifty 500
SUNTV,SUNTV,Nifty 500
SUNDARMFIN,SUNDARMFIN,Nifty 500
SUNDRMFAST,SUNDRMFAST,Nifty 500
SUNTECK,SUNTECK,Nifty 500
SUPRAJIT,SUPRAJIT,Nifty 500
SUPREMEIND,SUPREMEIND,Nifty 500
SUVENPHAR,SUVENPHAR,Nifty 500
SUZLON,SUZLON,Nifty 500
SYMPHONY,SYMPHONY,Nifty 500
SYNGENE,SYNGENE,Nifty 500
TANLA,TANLA,Nifty 500
TATACHEM,TATACHEM,Nifty 500
TATACOFFEE,TATACOFFEE,Nifty 500
TATACOMM,TATACOMM,Nifty 500
TCS,TCS,Nifty 500
TATACONSUM,TATACONSUM,Nifty 500
TATAELXSI,TATAELXSI,Nifty 500
TATAINVEST,TATAINVEST,Nifty 500
TATAMTRDVR,TATAMTRDVR,Nifty 500
TATAMOTORS,TATAMOTORS,Nifty 500
TATAPOWER,TATAPOWER,Nifty 500
TATASTLLP,TATASTLLP,Nifty 500
TATASTEEL,TATASTEEL,Nifty 500
TTML,TTML,Nifty 500
TCIEXP,TCIEXP,Nifty 500
TCNSBRANDS,TCNSBRANDS,Nifty 500
TEAMLEASE,TEAMLEASE,Nifty 500
TECHM,TECHM,Nifty 500
NIACL,NIACL,Nifty 500
RAMCOCEM,RAMCOCEM,Nifty 500
THERMAX,THERMAX,Nifty 500
THYROCARE,THYROCARE,Nifty 500
TIMKEN,TIMKEN,Nifty 500
TITAN,TITAN,Nifty 500
TORNTPHARM,TORNTPHARM,Nifty 500
TORNTPOWER,TORNTPOWER,Nifty 500
TRENT,TRENT,Nifty 500
TRIDENT,TRIDENT,Nifty 500
TRITURBINE,TRITURBINE,Nifty 500
TTKPRESTIG,TTKPRESTIG,Nifty 500
TIINDIA,TIINDIA,Nifty 500
TV18BRDCST,TV18BRDCST,Nifty 500
TVSMOTOR,TVSMOTOR,Nifty 500
UCOBANK,UCOBANK,Nifty 500
UFLEX,UFLEX,Nifty 500
ULTRACEMCO,ULTRACEMCO,Nifty 500
UNIONBANK,UNIONBANK,Nifty 500
UBL,UBL,Nifty 500
MCDOWELL-N,MCDOWELL-N,Nifty 500
UPL,UPL,Nifty 500
UTIAMC,UTIAMC,Nifty 500
VGUARD,VGUARD,Nifty 500
VMART,VMART,Nifty 500
VIPIND,VIPIND,Nifty 500
VAIBHAVGBL,VAIBHAVGBL,Nifty 500
VAKRANGEE,VAKRANGEE,Nifty 500
VTL,VTL,Nifty 500
VARROC,VARROC,Nifty 500
VBL,VBL,Nifty 500
VEDL,VEDL,Nifty 500
VENKEYS,VENKEYS,Nifty 500
VIJAYA,VIJAYA,Nifty 500
VINATIORGA,VINATIORGA,Nifty 500
IDEA,IDEA,Nifty 500
VOLTAS,VOLTAS,Nifty 500
WELCORP,WELCORP,Nifty 500
WELSPUNIND,WELSPUNIND,Nifty 500
WESTLIFE,WESTLIFE,Nifty 500
WHIRLPOOL,WHIRLPOOL,Nifty 500
WIPRO,WIPRO,Nifty 500
WOCKPHARMA,WOCKPHARMA,Nifty 500
YESBANK,YESBANK,Nifty 500
ZEEL,ZEEL,Nifty 500
ZENSARTECH,ZENSARTECH,Nifty 500
ZFCVINDIA,ZFCVINDIA,Nifty 500
ZOMATO,ZOMATO,Nifty 500
ZYDUSLIFE,ZYDUSLIFE,Nifty 500
ZYDUSWELL,ZYDUSWELL,Nifty 500
